{"cameraMode":{"drawMode":0,"name":"Shaded","section":"Shading Mode"},"sceneLighting":true,"audioPlay":false,"sceneViewState":{"showFog":false,"showMaterialUpdate":false,"showSkybox":false,"showFlares":false,"showImageEffects":false,"showParticleSystems":false},"in2DMode":false,"pivot":{"x":-26.641845703125,"y":-82.67402648925781,"z":-23.670320510864259},"rotation":{"x":-0.198274165391922,"y":0.7874582409858704,"z":-0.4882352650165558,"w":-0.31981590390205386},"size":61.83747863769531,"orthographic":false}