{"cameraMode":{"drawMode":0,"name":"Shaded","section":"Shading Mode"},"sceneLighting":false,"audioPlay":false,"sceneViewState":{"showFog":false,"showMaterialUpdate":false,"showSkybox":false,"showFlares":false,"showImageEffects":false,"showParticleSystems":false},"in2DMode":false,"pivot":{"x":-1.6666667461395264,"y":0.3333333432674408,"z":-2.9800000190734865},"rotation":{"x":-0.18684174120426179,"y":0.8129112720489502,"z":-0.4017377197742462,"w":-0.37803900241851809},"size":2.708012819290161,"orthographic":false}