{"cameraMode":{"drawMode":0,"name":"Shaded","section":"Shading Mode"},"sceneLighting":false,"audioPlay":false,"sceneViewState":{"showFog":false,"showMaterialUpdate":false,"showSkybox":false,"showFlares":false,"showImageEffects":false,"showParticleSystems":false},"in2DMode":false,"pivot":{"x":1.0759508609771729,"y":0.4217348098754883,"z":2.8996920585632326},"rotation":{"x":-0.15900596976280213,"y":0.8228818774223328,"z":-0.46875640749931338,"w":-0.2791045010089874},"size":4.062019348144531,"orthographic":false}